{"train/loss": 90467328.0, "train/learning_rate": 0.0001, "train/epoch": 2.88, "train/global_step": 3, "_timestamp": 1693753386.296129, "_runtime": 56.48049998283386, "_step": 0}